{
    "name": "Mbit_IR",
    "version": "3.0.0",
    "description": "Extension for YahBoom IR",
    "dependencies": {
        "core": "*"
    },
    "files": [
        "README.md",
        "shims.d.ts",
        "enums.d.ts",
        "Mbit_IR.cpp",
        "ReceiverIR.cpp",
        "ReceiverIR.h",
        "RemoteIR.h",
        "Mbit_IR.ts",
        "infrared-receiver.ts",
        "_locales/zh-cn/Mbit_IR-strings.json",
        "_locales/zh-cn/Mbit_IR-jsdoc-strings.json",
        "_locales/zh-tw/Mbit_IR-strings.json",
        "_locales/zh-tw/Mbit_IR-jsdoc-strings.json"
    ],
    "testFiles": [
        "test.ts"
    ],
    "public": true,
    "supportedTargets": [
        "microbit"
    ],
    "preferredEditor": "tsprj"
}
